"probe","HR","CI_lower","CI_upper","p_value"
"ILMN_2413323",1.27420898372414,1.15785674865268,1.4022533755515,7.04410579793838e-07
"ILMN_1698995",1.16536626129398,1.09459320683605,1.24071528535049,1.68872269613984e-06
"ILMN_1810054",1.17010283960687,1.09568086171524,1.24957978467628,2.79509855651191e-06
"ILMN_1729216",1.25971939655787,1.14228897827222,1.38922198169537,3.75270206677716e-06
"ILMN_1795325",1.23551085710986,1.12895379711567,1.35212537655333,4.31094336573359e-06
"ILMN_1712075",1.19258637521686,1.10596296343395,1.28599447664762,4.69855200338308e-06
"ILMN_2400935",1.2177881709599,1.11793947331136,1.32655484910748,6.35361899244154e-06
"ILMN_1660086",1.2017012884707,1.10928825363504,1.30181310581808,6.78001395483056e-06
"ILMN_2163723",1.21559915296741,1.11585577586278,1.32425832500847,7.83753655624098e-06
"ILMN_1726204",1.17156658801719,1.09238261533253,1.25649040079277,9.21583921399892e-06
"ILMN_1675062",1.22828173498013,1.12093096779648,1.34591340932578,1.05033098407238e-05
"ILMN_1794638",1.20712587512293,1.10956262670098,1.31326780780622,1.19818696807414e-05
"ILMN_1657111",1.26000708563554,1.13566724709431,1.39796041482557,1.30067320068306e-05
"ILMN_2200836",1.23048540711416,1.120894219283,1.35079145834959,1.31266955540614e-05
"ILMN_1808238",1.22055231099105,1.11543245465723,1.33557880411807,1.44156489437321e-05
"ILMN_2368834",1.16726062105715,1.08675615281167,1.25372868048242,2.21682987656751e-05
"ILMN_2364768",1.23516513255627,1.11998790638824,1.36218694503822,2.34754241791231e-05
"ILMN_1749792",1.21583182985739,1.11044489237875,1.33122053029368,2.3930822405387e-05
"ILMN_1765310",1.1883636710633,1.09607186073804,1.28842666734655,2.86456319728567e-05
"ILMN_1666845",1.15544346569496,1.07944098676426,1.23679721150771,3.15416211542942e-05
"ILMN_1719759",1.24723921435381,1.1235519855102,1.38454266280836,3.37906878176404e-05
"ILMN_1691476",1.18617078271957,1.09300396960636,1.28727906293357,4.29840292322768e-05
"ILMN_1791494",1.19268787848994,1.0960156801034,1.2978868836645,4.39114690660843e-05
"ILMN_1752965",1.2296583058003,1.11021241062759,1.3619551849262,7.32762218708215e-05
"ILMN_1805842",1.19722604611958,1.09407268287348,1.31010510356822,9.01041255152533e-05
"ILMN_1676822",1.14115758919494,1.06696091768735,1.22051391179335,0.000118307207343254
"ILMN_1651958",1.19632702451826,1.09165641850894,1.31103369643311,0.0001243987976914
"ILMN_1721283",1.16622719066673,1.07809401673582,1.26156516884157,0.000125268701822315
"ILMN_1686573",1.17830231904345,1.08314036139014,1.28182496429295,0.000134071689723282
"ILMN_1776953",1.18976471253112,1.08823167598226,1.30077087666701,0.00013460168852026
"ILMN_1795251",1.22060354235215,1.10108986568676,1.3530893835567,0.000149611004745548
"ILMN_2322831",0.825645523091852,0.747412103546757,0.912067822512822,0.000161828552888378
"ILMN_1852022",1.18910924238983,1.086342766901,1.30159727980752,0.000172768079912468
"ILMN_1695299",1.20964006767532,1.09523571514563,1.33599468414979,0.000173610905282341
"ILMN_1722898",1.17827145947759,1.08149722978445,1.2837052134624,0.000175586335019244
"ILMN_1652065",1.16954046615226,1.07698582112614,1.27004912705108,0.000196719564546339
"ILMN_1736670",1.19524703741676,1.08811207100762,1.31293045865267,0.00019729005016766
"ILMN_1715748",1.19690282194467,1.0887930797366,1.3157471257309,0.000198207190019333
"ILMN_2109489",0.803046034644158,0.715272547121954,0.901590500505752,0.00020384688833387
"ILMN_1717636",1.18516231637787,1.0832674695783,1.29664164724614,0.000212387208238501
"ILMN_1736078",1.13644622287181,1.06166539889296,1.21649440475908,0.000230449246342643
"ILMN_2230025",1.20529022547938,1.0900062231823,1.33276718677337,0.000272455448324989
"ILMN_2412336",1.14159076753572,1.06282632519012,1.22619232289872,0.00028286607878154
"ILMN_1695924",1.14317058579098,1.06334252918018,1.22899155479585,0.000291267289231841
"ILMN_1745570",1.18498493706363,1.08042640273041,1.29966214960971,0.000316584860067243
"ILMN_1679391",1.19658931538014,1.08488794666501,1.31979159145736,0.000331239156692366
"ILMN_1697189",1.15126941883054,1.06585415870568,1.24352967421352,0.000341581868171623
"ILMN_2124585",1.20705759455759,1.08857255646074,1.33843906676854,0.000357018199514859
"ILMN_1717990",1.15893073677046,1.06873236859911,1.25674162409049,0.000359715324005753
"ILMN_1810628",1.16022136046549,1.06918720334301,1.25900646871897,0.0003643040025958
"ILMN_2218208",1.22067673420254,1.09271923057435,1.36361807107594,0.000416466513792007
"ILMN_1672776",1.18213687401458,1.07696976983729,1.29757364416654,0.000431761836686213
"ILMN_2071809",1.18927010539583,1.07928720607436,1.3104606221847,0.000463289551265534
"ILMN_2316236",1.22964230452145,1.0952549435883,1.38051894302809,0.000463735009290269
"ILMN_1780170",1.13837437792096,1.05805599709629,1.22478982952071,0.00051714441917349
"ILMN_1781388",1.14471702359686,1.05933841198767,1.23697682372694,0.000631741646945793
"ILMN_1741688",1.19363738785063,1.07812189772719,1.32152979795556,0.000653279429539161
"ILMN_1685403",1.12659360083866,1.05133962974047,1.20723418536399,0.000726447932635063
"ILMN_2192072",1.12430050583119,1.0499262363838,1.20394327106823,0.000792995828641133
"ILMN_1808245",1.15186129015886,1.06022664749563,1.25141585046975,0.000829488395082576
"ILMN_1724686",1.22626479357501,1.08753996895441,1.38268513055874,0.000868330035619286
"ILMN_1694840",1.20113863147755,1.0769276259847,1.33967592363374,0.000999265215024466
"ILMN_1791890",1.18386125068993,1.07052266902293,1.30919923644803,0.00101166672838501
"ILMN_2271149",1.14487125232469,1.05594979279329,1.24128078185636,0.00103899916618364
"ILMN_1810172",1.15455288385328,1.05813090489746,1.25976129743901,0.00123828013990891
"ILMN_1709590",1.13486169732605,1.05099183155648,1.2254244356499,0.00123941731462408
"ILMN_1687848",1.14517075966806,1.05392027096325,1.24432189505202,0.00137616592198028
"ILMN_1655915",1.16079146541664,1.05915372512056,1.2721824927073,0.00142625394429119
"ILMN_1719641",1.17021191870514,1.06236609714267,1.28900568115143,0.00144049159234657
"ILMN_2297765",1.1653171598249,1.06018163957031,1.28087870257097,0.00151698677054271
"ILMN_1770800",1.18921847759099,1.06720714771452,1.32517908118637,0.00170274340842686
"ILMN_1677038",1.17799232473865,1.05726188484604,1.31250916828923,0.00298453457851871
"ILMN_1796801",1.16471710904184,1.05304619786031,1.28823022850393,0.00302569303763001
"ILMN_1678842",1.19724126820167,1.0620388112551,1.34965562378195,0.00323466702527157
"ILMN_2228463",0.872405502271944,0.795903694148574,0.956260620461811,0.0035551025382517
"ILMN_1790098",1.14321774422365,1.04477823807363,1.25093226780601,0.00357378196080071
"ILMN_1657234",0.876886077170333,0.801221074344701,0.959696664199781,0.00432391403375449
"ILMN_1709486",1.15635457719556,1.04407987606311,1.28070269225292,0.00530705093916771
"ILMN_1653278",1.15823056859867,1.04419445114969,1.28472053127592,0.00547307229178672
"ILMN_2073758",0.890523187651973,0.820513153010119,0.966506807156632,0.00551195717422253
"ILMN_1766914",1.14923432315457,1.0411892612708,1.26849130954784,0.00575746268306051
"ILMN_2162253",1.14061522105524,1.03885371814966,1.25234482947239,0.00578938074170622
"ILMN_1772910",1.16331679968953,1.04338230908333,1.29703749494166,0.00643036192321101
"ILMN_1785404",1.1319565655941,1.03534684250834,1.23758108276769,0.00646582185022711
"ILMN_1725193",1.15594300667453,1.04132419516293,1.2831779390958,0.00652726498093701
"ILMN_1734653",1.14497280232179,1.03748294373441,1.26359929671501,0.00711110711581267
"ILMN_2353161",1.09952720758226,1.02516488096731,1.17928355004993,0.00791603310832215
"ILMN_1768035",0.879605326458879,0.799057455456253,0.968272713121804,0.00884502545308885
"ILMN_1729170",0.884765771855716,0.806884136130737,0.970164656850566,0.00920629480993312
"ILMN_1702363",1.16338833625387,1.03792652901792,1.3040156341434,0.00933917372680233
"ILMN_2149164",1.11452612146169,1.02684918755134,1.20968930051214,0.0094920265334643
"ILMN_1663919",1.06771435156744,1.0160414996134,1.12201513124892,0.00963136228005792
"ILMN_1680110",1.15767807858067,1.03570775447641,1.29401226150302,0.0099467376131294
"ILMN_2114720",1.13261571928254,1.02968913220918,1.24583073418833,0.0104104734584198
"ILMN_1723684",1.12556368204457,1.02802871554956,1.23235234889375,0.0105352129924486
"ILMN_2148527",1.09832122199274,1.02169351836855,1.18069605512019,0.0110335024559337
"ILMN_1693338",1.13985357893041,1.03034919772699,1.26099596551027,0.0110794592259665
"ILMN_2067890",0.866017694542865,0.774601490088271,0.968222572326672,0.0114917579552946
"ILMN_1716246",1.14548967619694,1.03025153768053,1.27361770430151,0.0120416253439497
"ILMN_1676256",1.13026471928814,1.02708348602082,1.24381158207193,0.0121710570612054
"ILMN_1672536",1.14441154109695,1.02924081207996,1.27246972722468,0.0126819553760972
"ILMN_1808677",0.87133928954233,0.78115011739599,0.971941424051855,0.0134918216250183
"ILMN_2387105",1.13568845931604,1.02652195020354,1.25646439062302,0.0135998906702065
"ILMN_1737817",0.915941951554017,0.85410951419217,0.982250688789099,0.0138084667898794
"ILMN_1723847",1.1425757369571,1.02732517412513,1.27075569407204,0.0140123452701477
"ILMN_1745356",0.891215981387743,0.812823369409392,0.977169155530115,0.0142205002494322
"ILMN_2163873",1.12591247623082,1.02186191384417,1.24055793347194,0.0165239151348477
"ILMN_1687757",1.13776555182449,1.02295226593709,1.26546515807619,0.0174006912800391
"ILMN_2219002",1.10434305961818,1.01538527972767,1.20109441970039,0.0205402328643253
"ILMN_1706390",1.13134234255048,1.01889191286916,1.25620341066733,0.0208662075414354
"ILMN_1761946",1.12254622867138,1.01745948339291,1.23848669757567,0.0211580340307673
"ILMN_1703864",1.13301361887104,1.01668411816734,1.26265359870209,0.0238609721294327
"ILMN_1782596",0.885326471412846,0.794923224163782,0.986010896598022,0.0266672023958291
"ILMN_1733415",1.13011578283223,1.01417310003031,1.25931330910702,0.0267718592897843
"ILMN_1688423",1.12753507136741,1.01325222595211,1.25470766764799,0.0277039785573584
"ILMN_2108735",1.11024343987735,1.01134343519022,1.2188149474257,0.0280235514979065
"ILMN_2125395",0.910035757828283,0.83653047543519,0.989999892227787,0.0282429464766897
"ILMN_1739001",1.13117257047012,1.01282412198898,1.26335002929354,0.0288157889665418
"ILMN_2169801",1.11710790969307,1.01069352361715,1.2347265048584,0.0301389997545986
"ILMN_1661078",0.937547863992271,0.883504648081239,0.994896856723322,0.0332625855079427
"ILMN_1683194",1.12218010690289,1.0087966540096,1.24830726521879,0.0339082832187888
"ILMN_2346339",1.1160236992981,1.00813255261224,1.23546144221581,0.0343327332170874
"ILMN_1680757",0.894658980731275,0.806901483927118,0.991960862319372,0.0345804546730843
"ILMN_1661733",1.1157970717306,1.00762059400694,1.23558719689487,0.0352119742882296
"ILMN_1712522",1.08396536244581,1.00524150815277,1.16885434739103,0.0360911569683146
"ILMN_1753449",1.08557783031137,1.00530525190937,1.17226009057972,0.0361710515534535
"ILMN_1700541",1.10410621921129,1.00571551011571,1.2121226440674,0.0375549475555609
"ILMN_1676413",0.891231554903523,0.799202086754793,0.993858371517807,0.0383787180709848
"ILMN_1666536",1.07842071036171,1.00311531646804,1.15937939481568,0.0409317096597829
"ILMN_1680424",1.10956313121409,1.00396713938655,1.22626557568595,0.0415902906258342
"ILMN_1680274",0.931011464877568,0.8688656568334,0.997602265570587,0.0425490897247055
"ILMN_1755897",0.896784124052914,0.806791257518132,0.996815170788186,0.0434744784380147
"ILMN_2350634",1.10878524900227,1.00264943057993,1.22615611290374,0.0442683368834757
"ILMN_1701007",1.09958217894007,1.00159216015348,1.2071589778192,0.0462169405239955
"ILMN_1808405",0.908911705083092,0.826888136418653,0.999071641316655,0.0477881142174133
"ILMN_1719250",1.12577506868999,1.0011522217116,1.26591089526548,0.0477891697168422
"ILMN_1713995",1.09521904304275,1.00075581744356,1.19859883033968,0.048107507360647
"ILMN_1791759",0.907233020890759,0.823687298197961,0.999252696982538,0.0482491966875783
"ILMN_1704861",0.899841061005577,0.809780893659208,0.999917312710031,0.0498164239297695
"ILMN_1701308",1.12130871257731,0.998976473121837,1.25862146179738,0.0520614531768015
"ILMN_1773337",1.07355595291074,0.99932828800537,1.15329706750371,0.052183289552775
"ILMN_1743797",0.921511889089001,0.848461752790964,1.00085143371406,0.0524036598525389
"ILMN_2249018",0.904734999186897,0.817108033950026,1.00175911231314,0.0540813653746508
"ILMN_1771538",1.08152925058859,0.998575145896034,1.17137455772457,0.0542319287632506
"ILMN_1766551",1.10596244571143,0.99781729470046,1.22582855380472,0.0550628905735389
"ILMN_2167805",1.11188149873392,0.997632826671043,1.23921390132286,0.0552179508234875
"ILMN_1805410",0.908762692918814,0.82344087009465,1.00292523972745,0.0571801052523542
"ILMN_2181892",1.10936249507848,0.995765025238568,1.23591923224247,0.05970024998231
"ILMN_1721354",1.06180578167958,0.996100004413368,1.13184571128695,0.0657532959045566
"ILMN_2382679",0.95580402769899,0.910867187396763,1.00295778792575,0.0657987655032297
"ILMN_1774265",0.904749224901383,0.812711946207308,1.00720945936588,0.0674359602991341
"ILMN_1780255",1.06732823229959,0.995321441272154,1.14454437353196,0.0674884367399569
"ILMN_2136147",1.09508567010422,0.992744790454896,1.20797674930945,0.0695951749841766
"ILMN_2083066",0.913806186551742,0.829024021480034,1.00725880667421,0.0696144169454638
"ILMN_2193233",0.906614874658708,0.815281878421494,1.00817956673322,0.0703530040835466
"ILMN_2321153",1.09905879122102,0.991641603667635,1.2181116868157,0.071853999014115
"ILMN_2066060",0.931536247419738,0.861674670595557,1.00706195721998,0.0745744988596848
"ILMN_1678049",0.897788472157559,0.795425866148504,1.0133240255837,0.0808633272174168
"ILMN_1805665",1.10011228373219,0.987399831498221,1.22569094931088,0.083617002569042
"ILMN_2412046",1.09872673233121,0.987381832344325,1.22262775432375,0.0841555852424445
"ILMN_1731206",1.0909850326329,0.988284229842529,1.20435832677271,0.0842816634671846
"ILMN_1691264",0.908326556707427,0.813980191404776,1.01360836827746,0.0857183229255633
"ILMN_2161577",1.09412494632955,0.98742729121694,1.21235194614206,0.0857393186168894
"ILMN_2383229",0.907366187937842,0.812062324610482,1.01385493953037,0.0859854472000133
"ILMN_1673639",1.09794499380292,0.986770114612341,1.22164543855331,0.0862556506102391
"ILMN_1768227",1.08975241608838,0.986891469446236,1.20333427244722,0.089291756850193
"ILMN_2181064",0.909686554882118,0.815184652244942,1.01514377859588,0.0907565920216541
"ILMN_1813530",1.09805357992498,0.984369788891879,1.2248665877316,0.0934482217258961
"ILMN_1682226",0.913418097140501,0.821491579154167,1.01563137268288,0.0942490619959114
"ILMN_1718552",0.917624251792131,0.829670385396413,1.01490216150688,0.0944734618562747
"ILMN_1675706",1.0859617257865,0.985625441716076,1.19651220429121,0.0954605756633253
"ILMN_1651354",1.07072147732884,0.987376422116727,1.16110174026185,0.0983847742113183
"ILMN_1704537",1.09232478941922,0.982943242539533,1.21387827286656,0.100918002328542
"ILMN_1722713",1.09001129838662,0.982749199314754,1.20898051246335,0.102942671282537
"ILMN_2234697",1.06691599593334,0.986902726781442,1.15341635146837,0.10341298145249
"ILMN_1763196",1.06266768113482,0.987683962163469,1.1433440693467,0.10351108915734
"ILMN_1667018",0.914731773054465,0.821458811806745,1.01859546042853,0.10432795225439
"ILMN_1795342",1.08731797624464,0.981554599576485,1.20447745033731,0.108844378399575
"ILMN_1715169",0.947354253299241,0.886698362827169,1.01215939813244,0.109157144932455
"ILMN_1759910",1.0820932415539,0.982281693533764,1.19204683455335,0.110058735498466
"ILMN_1739813",1.08709502832265,0.980829059836475,1.20487417124535,0.111570839917083
"ILMN_1678859",0.91299697393384,0.816085503195273,1.02141683824629,0.11186462187517
"ILMN_1682015",1.07710860059127,0.981766147731033,1.18171006420312,0.116219617805532
"ILMN_1748303",1.04232738153283,0.989734030725256,1.09771548372137,0.116563478273589
"ILMN_1749114",0.932153674776866,0.853495856478317,1.01806056444761,0.118278254587883
"ILMN_1731547",0.92897324839691,0.846293072018925,1.01973101845008,0.121343478814074
"ILMN_1693192",1.04906985950062,0.985990797217302,1.11618442405208,0.13000437900453
"ILMN_1775830",1.06439547015481,0.981345776934085,1.15447352351747,0.132148764788183
"ILMN_1743145",0.924975749175759,0.835615852626063,1.02389170080301,0.132450050713732
"ILMN_1678841",0.935931476276526,0.858465532851738,1.02038776720048,0.133063881568986
"ILMN_1712360",1.07754529188547,0.977212011594032,1.18818009018386,0.134204060687283
"ILMN_1733998",1.07708040478078,0.977296303473929,1.18705268222033,0.134392104394472
"ILMN_1713124",1.09201493452655,0.973041920957255,1.22553467794674,0.134742832832559
"ILMN_1771482",0.940456179455755,0.867716164723614,1.01929393669672,0.134989828174264
"ILMN_1733042",1.08528638371229,0.974818562853319,1.20827257456374,0.135086992473348
"ILMN_2376313",1.05119704661484,0.984549758489356,1.12235590053594,0.13515830504035
"ILMN_1788874",1.05989688253429,0.981705245437966,1.14431638908553,0.136811757324867
"ILMN_1695891",0.937523094897862,0.861088580165722,1.0207423181686,0.137055897174804
"ILMN_1806310",0.930288258193233,0.844726692641339,1.02451627357259,0.142114061581585
"ILMN_1723412",0.934749358938989,0.854099887555453,1.02301425953545,0.142717616224572
"ILMN_2374449",1.06169655280682,0.9795254640193,1.15076086497703,0.145210106416148
"ILMN_1792404",1.05013328780423,0.982667050253772,1.12223150442434,0.148768666000083
"ILMN_1653579",0.930305085549997,0.843258015184837,1.02633777161369,0.149491471791429
"ILMN_1678947",0.920783275188844,0.822886332264075,1.03032679803389,0.150133319654462
"ILMN_1699243",1.04298826533937,0.984754369795963,1.10466584866337,0.151033071832683
"ILMN_1740586",0.952004953752583,0.889748350544156,1.01861771523956,0.154038861131774
"ILMN_1671058",0.93410414151044,0.849596289036707,1.02701784182258,0.158843746087856
"ILMN_1679194",0.928813758456775,0.837743268165111,1.02978445865419,0.160745678051268
"ILMN_1747716",0.945425017221802,0.873852077363693,1.02286014571873,0.162337618418906
"ILMN_1759089",0.943276462276687,0.869006290418955,1.02389418131399,0.162820033166195
"ILMN_2100437",1.0819390453855,0.967993426570103,1.20929756938274,0.165421378232656
"ILMN_1813704",1.06842749356387,0.972195407096353,1.1741850462065,0.169305395026487
"ILMN_2072178",1.07659501818886,0.968633694534839,1.1965894225326,0.171030591582018
"ILMN_1782004",1.07457893675116,0.96934100139384,1.19124218376078,0.171360660463441
"ILMN_1776519",1.07589572445207,0.968258987661813,1.19549792425841,0.173756667293984
"ILMN_2331231",0.934517242188947,0.847522976580417,1.03044106187199,0.1743068032987
"ILMN_2162972",0.941215626542717,0.862360676487076,1.0272811363071,0.174755650296065
"ILMN_1696590",1.07378468500694,0.96871129569908,1.19025508928682,0.175429864938202
"ILMN_2154322",1.07553392072212,0.96743297192668,1.19571406825234,0.177861857907494
"ILMN_1815619",0.955243794268033,0.893525168265983,1.02122552211754,0.17905848157617
"ILMN_1713529",1.07416923776011,0.96745850334799,1.19265017296055,0.180156467934543
"ILMN_1747546",1.07709406308795,0.966004174819426,1.20095922044662,0.181147109239101
"ILMN_1772951",0.929689239752518,0.835462283338321,1.03454350932274,0.181177239606068
"ILMN_1769129",1.06125018244077,0.972559847586095,1.15802842624641,0.18183818763808
"ILMN_2331232",0.933411431757181,0.843569906210139,1.03282122147913,0.182019930172857
"ILMN_1712721",0.922046513748963,0.818300254312395,1.03894599694461,0.182648682954596
"ILMN_1757099",0.931370513018465,0.838748808677227,1.03422028567566,0.183391729322174
"ILMN_1752592",0.93221863690843,0.840040872811565,1.03451107574185,0.18640543371293
"ILMN_1800091",1.07186302718812,0.966055008223585,1.18925976189027,0.190623609441452
"ILMN_2175317",0.935385280962823,0.846227172987346,1.03393704642357,0.191217406435536
"ILMN_1739144",0.938532690236449,0.853316488949278,1.0322589825108,0.191469603120992
"ILMN_1659984",0.948401039336125,0.875666614086608,1.02717691521454,0.193142051817312
"ILMN_2188862",1.07874840286702,0.961919508025512,1.20976662494018,0.19492851630309
"ILMN_1689146",1.04422157450113,0.977702673437183,1.11526615020929,0.197562990943859
"ILMN_1652199",0.958103527533915,0.897038924525351,1.02332501341416,0.202740830554373
"ILMN_1699214",0.957100490710416,0.894450426466101,1.02413875851938,0.204283159902273
"ILMN_1671365",0.933584761554516,0.839234799393787,1.03854190464502,0.20612904932676
"ILMN_1734878",0.940807818581769,0.854183633312937,1.03621670678899,0.215676228688357
"ILMN_1698804",0.952670567183851,0.88198195040072,1.02902469734902,0.217713819362687
"ILMN_2389590",1.05196824241673,0.970529943871347,1.14024012349282,0.217811119951186
"ILMN_1750181",1.06191154173194,0.964687055698134,1.1689346465289,0.220138839018261
"ILMN_1751161",1.07260717940588,0.958788794596016,1.19993701198584,0.220694904818841
"ILMN_1681462",0.962755587948956,0.905179046294788,1.02399445272298,0.22767370285557
"ILMN_1804601",0.958680810916264,0.89469647079616,1.0272409998457,0.231164768556814
"ILMN_2045849",0.945267453401643,0.861687871578926,1.03695385293419,0.233371015733302
"ILMN_1799887",1.04660274606848,0.970224056464576,1.12899417488116,0.238739872179211
"ILMN_1730054",0.960876754470797,0.898595020562501,1.02747524319062,0.243108541791822
"ILMN_1739508",0.96089004851869,0.898139674584578,1.0280246062722,0.246924820801576
"ILMN_1764573",0.94190167752368,0.850824228924455,1.04272861533742,0.248668789262086
"ILMN_1795852",0.934050634203442,0.83152494142365,1.04921758060815,0.250106619646795
"ILMN_1657435",1.06144794356532,0.958547171650961,1.17539519203684,0.251696113933638
"ILMN_1782704",0.936509639744301,0.836945563326222,1.04791798148543,0.252695180960191
"ILMN_1811387",1.04613315393159,0.968003149345873,1.13056923057988,0.254770711697197
"ILMN_1674228",0.956887746018212,0.886060274652755,1.03337683075641,0.261350951784316
"ILMN_1722489",1.03125784146266,0.977176539654281,1.08833224337794,0.262744780720125
"ILMN_1789507",1.05028421834294,0.963680272391633,1.14467108116949,0.263825138483671
"ILMN_1755741",0.939000106584278,0.840711429128327,1.04877984242403,0.264542633913139
"ILMN_1766650",0.940957090923724,0.844844448421797,1.04800386463283,0.268264073422101
"ILMN_2412490",1.05365562123196,0.960508721288224,1.15583559373071,0.26839144926769
"ILMN_1799243",1.05054303157777,0.962436925752406,1.14671479415008,0.269898326142589
"ILMN_1790906",1.05421422421337,0.959483983031884,1.15829722036837,0.271755019582797
"ILMN_1741768",1.065001804858,0.951397471627146,1.1921713880645,0.273834868104262
"ILMN_1690223",0.951775217194058,0.870898967880433,1.04016205952051,0.275313812754394
"ILMN_1699665",1.05039792267371,0.961488964191515,1.14752829938616,0.275860606615507
"ILMN_1753954",0.964830428676174,0.90442005832738,1.02927588516893,0.277789478526078
"ILMN_1831106",1.05680837024258,0.954587843582541,1.16997502002885,0.28707497672519
"ILMN_1743620",1.05852530412074,0.953155214100632,1.17554392284487,0.287702760825885
"ILMN_1695157",0.942997572435042,0.84612190387115,1.05096489944291,0.288594335063537
"ILMN_2144663",0.954130073165193,0.874589924775364,1.04090405197847,0.290375885517678
"ILMN_1685387",0.968181485502483,0.911602270468611,1.02827232800543,0.292563165943704
"ILMN_2269256",1.05922913809474,0.950421060208701,1.18049400835304,0.298108828581718
"ILMN_1788942",0.943338660058718,0.844175316533476,1.05415049472853,0.303307848880798
"ILMN_1802441",0.974537372291227,0.927821278893478,1.02360563569412,0.303433812929708
"ILMN_1699421",1.02978342141836,0.973767785746677,1.08902133604158,0.303730484895454
"ILMN_1731073",1.04464148751639,0.961139797793439,1.13539761847942,0.304182876932923
"ILMN_2166457",0.949503005502883,0.859621321970445,1.04878268420848,0.307133465985699
"ILMN_1685699",0.946756306299425,0.851867263459962,1.05221498931313,0.309910032723113
"ILMN_1795484",1.02353391917989,0.978526097101407,1.07061189968771,0.310652513099014
"ILMN_1688205",1.05559573491902,0.950315708162907,1.17253913200414,0.312817401421057
"ILMN_1872419",1.05725255638435,0.948820210188057,1.1780766851074,0.313254667131129
"ILMN_1796316",0.945852275671363,0.847750760082634,1.05530607522604,0.319031530683604
"ILMN_1672148",1.03048033804871,0.970765145524887,1.09386882295905,0.324222957244117
"ILMN_1783142",1.02988726561389,0.970842770693823,1.09252271520304,0.328246044870209
"ILMN_1762561",1.04393068028325,0.956736296696412,1.13907172645135,0.333978856063677
"ILMN_1783832",0.954204586121669,0.866379698091,1.05093228082543,0.341312020443175
"ILMN_1796337",0.954832129863182,0.867652943777434,1.05077082116479,0.344057515412799
"ILMN_1770424",0.964479749048883,0.893431135244181,1.04117838480205,0.354248380029632
"ILMN_1760153",0.948822886749016,0.848708585946613,1.0607467454976,0.355798571749266
"ILMN_1723418",0.962136213411239,0.885833638445657,1.04501122217669,0.35986810792592
"ILMN_1775501",0.949655366375448,0.850213032334253,1.06072864163194,0.360021486273814
"ILMN_1658499",1.04468243179691,0.951096823796969,1.14747663539467,0.361297606261092
"ILMN_1687625",1.04269696808091,0.952962958051451,1.1408806166697,0.362482636357307
"ILMN_1661266",0.95173633504172,0.854499155490443,1.06003855664287,0.368315218755638
"ILMN_1720433",0.966099109224498,0.896153892073169,1.04150358225322,0.368408487152452
"ILMN_2387224",1.0376306126184,0.956876270695635,1.12520011334393,0.371524605035031
"ILMN_1766264",1.05023825287603,0.942600680455595,1.17016718815753,0.37427051022199
"ILMN_1752075",0.957727834569156,0.869811923764649,1.05452981276526,0.37929055897166
"ILMN_1813688",1.02210887361543,0.973128188652522,1.07355491466134,0.382768695398699
"ILMN_1737041",0.955328074939168,0.861935777889534,1.05883959591702,0.383915471828652
"ILMN_2359945",1.04303793342848,0.948462448677422,1.1470439679376,0.38490125698786
"ILMN_2304512",0.953045782057959,0.854556104025304,1.06288663602076,0.387511440055935
"ILMN_2161330",1.04624037399828,0.944024687256011,1.15952361729627,0.38879834130352
"ILMN_1689336",0.953404472556395,0.855273229675133,1.06279497212347,0.389222142896366
"ILMN_1806198",1.03857804681627,0.952376002164046,1.13258246415044,0.391867906000721
"ILMN_2233576",0.964993216893311,0.889248691437302,1.04718951809192,0.392877581104651
"ILMN_1702503",1.03839057688001,0.952360462707995,1.13219209781896,0.393232816622167
"ILMN_1782705",0.962649170349877,0.881500597826516,1.05126806205262,0.39686745245321
"ILMN_2322996",1.04365083314472,0.945423964585643,1.15208319476125,0.396895148634927
"ILMN_1664660",0.964188065029749,0.885449243490155,1.04992875828929,0.401445375049127
"ILMN_1738450",0.965231617486372,0.888061768565803,1.04910729002554,0.405198991256569
"ILMN_2399463",0.962680154119526,0.87974730989547,1.05343098945731,0.407952649027685
"ILMN_1763837",1.02926361066803,0.961240329093924,1.10210063829092,0.408338055332109
"ILMN_2384785",0.953968427235567,0.852635165146931,1.06734485904704,0.41079931417857
"ILMN_2374425",0.956795705688043,0.860861498797762,1.0634207984694,0.412615406217633
"ILMN_1741430",0.952019070333204,0.84533778766803,1.07216348718818,0.417427213811483
"ILMN_1791534",0.964904960157287,0.884542234073397,1.05256882743586,0.420686727758225
"ILMN_1708580",0.95727236724737,0.859672112265631,1.06595336991952,0.426093781290707
"ILMN_1815203",1.02532449263036,0.963226322214745,1.09142606565244,0.432695336837997
"ILMN_1664464",1.03683153373184,0.946597768519733,1.13566676902462,0.436213829147608
"ILMN_1736162",0.959388636587403,0.863683127180313,1.06569936015536,0.439382113306743
"ILMN_1892548",0.961463626840068,0.869766027770261,1.06282871050539,0.44221107038858
"ILMN_1664878",0.958779357536327,0.860899714598733,1.06778738667168,0.443567456394906
"ILMN_2355486",1.03220516415992,0.951457919169153,1.11980517419919,0.445645679664621
"ILMN_1700268",1.03809537077191,0.942643892362901,1.1432122008628,0.447412631426168
"ILMN_1754920",0.973577811248516,0.908006696645521,1.04388410135866,0.451619894043306
"ILMN_1720998",1.04186101524649,0.936250840723951,1.15938413924532,0.452035854847435
"ILMN_2195385",0.965056247168448,0.878408888148143,1.06025061080869,0.458654459612663
"ILMN_2136010",0.95694387549271,0.849955133519993,1.07739990586393,0.466881538362198
"ILMN_2105441",0.973603413134881,0.905429991826671,1.04690988218264,0.470129488606558
"ILMN_1674097",0.969980017966376,0.892571838892552,1.05410141151374,0.472568536553835
"ILMN_2278335",1.02962293878523,0.950442962210323,1.11539928036011,0.474582315122809
"ILMN_1723123",1.03964837013682,0.9344918984544,1.15663788558879,0.474806865713504
"ILMN_1725276",1.02980589364732,0.949586805605669,1.11680172084357,0.477812723113173
"ILMN_1815205",0.970291950481929,0.892144426918851,1.05528481797674,0.481462011054548
"ILMN_1681263",1.02077948738619,0.963833221425242,1.08109031594449,0.482536558225906
"ILMN_1729180",1.03897686808256,0.933717393384938,1.15610241391917,0.482928699138263
"ILMN_2205622",0.963219817263682,0.866820973218197,1.07033914157028,0.48609818944313
"ILMN_1798496",1.03573952523748,0.936605963768322,1.14536572009755,0.493908196984046
"ILMN_1677691",1.03723850738455,0.933766018819676,1.15217699029277,0.495304739564723
"ILMN_1712082",1.03225616108231,0.941875947228626,1.13130904895456,0.497082242550133
"ILMN_1695631",0.967364764044786,0.878167286601745,1.06562223507173,0.501427034734866
"ILMN_1783185",1.02679170444411,0.949820660765859,1.11000028517503,0.506025599968814
"ILMN_1670779",0.964358909405334,0.863735525395094,1.07670470740919,0.518604982411031
"ILMN_2336585",1.03220221759658,0.937437591345202,1.13654650490643,0.518872625856877
"ILMN_1739726",0.964526249748388,0.864120834878294,1.07659814334267,0.51957308819476
"ILMN_2184373",0.970596377714716,0.886218508914029,1.06300795904988,0.520107521333624
"ILMN_1755537",1.02282003187626,0.954801924947185,1.09568360753484,0.520445100209614
"ILMN_1801216",1.03171838392559,0.937718612191794,1.13514097927739,0.52174699171217
"ILMN_1694034",1.03257530887708,0.933917069700278,1.14165572414773,0.531546573313564
"ILMN_1737640",1.02680517929157,0.94484627607936,1.11587345255244,0.533111301737031
"ILMN_1760103",1.01517765954845,0.968141062396571,1.06449950371398,0.533715302412293
"ILMN_1801886",0.972469399575024,0.889303845974479,1.0634123954266,0.540507504059099
"ILMN_1748751",0.965949765953255,0.864394869334705,1.07943601176542,0.541020980422498
"ILMN_2361714",0.968679418305798,0.873953152053961,1.07367290025098,0.544458958853792
"ILMN_1785071",1.03212263542662,0.931758804390202,1.14329709527904,0.544662615600014
"ILMN_1814015",0.980822031689211,0.920870987566116,1.04467604130908,0.547330960294208
"ILMN_1666733",0.974725213302359,0.895437168455512,1.06103395628091,0.554261112114915
"ILMN_2165753",0.981619818837473,0.922645679991744,1.04436349687687,0.557306398895029
"ILMN_1696584",0.969263697837098,0.87307464264801,1.07605016805373,0.558247061650056
"ILMN_1769143",0.966258521164657,0.860402057101177,1.08513865351384,0.5620516661465
"ILMN_1687319",1.03212547731,0.927448680753502,1.14861665450524,0.562219833916802
"ILMN_1683121",0.972188289014609,0.883391118306709,1.06991122019522,0.563816526083629
"ILMN_1791711",1.0277149726727,0.935897879824373,1.12853986297506,0.566955890511311
"ILMN_1680874",1.02920178669243,0.932374490970834,1.13608461834681,0.568009959396202
"ILMN_1781745",0.974408000966152,0.890297939278421,1.06646428173965,0.57351704777411
"ILMN_2412880",1.0292486254866,0.930688132336343,1.13824674051309,0.57456308162875
"ILMN_1684724",1.02845193114555,0.931340061635784,1.13568976386484,0.579313694959862
"ILMN_1750974",0.975060485344366,0.888973987614394,1.06948343070347,0.592272507983776
"ILMN_1753686",0.97890963081119,0.904470457920865,1.05947525085307,0.597324677572759
"ILMN_1782937",1.02207803797364,0.941189893115237,1.10991790641778,0.603662967066132
"ILMN_1735445",1.02902323118762,0.923368554158187,1.14676724213244,0.604734111782351
"ILMN_1715638",0.9773598549762,0.895287330759941,1.06695610816728,0.608833769380793
"ILMN_1774375",1.02458632722806,0.932551794114955,1.12570384676486,0.612992002281331
"ILMN_1733559",1.02639409623203,0.927573968015943,1.13574213712935,0.613988635806925
"ILMN_1726448",1.02548933131872,0.929666547388143,1.13118878118507,0.615042429602639
"ILMN_2404951",0.980676334951141,0.907305687613035,1.05998021070863,0.622849492457994
"ILMN_1692861",0.9736124976471,0.874798469937688,1.08358819562424,0.624303145927839
"ILMN_1740717",1.01652101256235,0.95188865511474,1.08554184717773,0.624921258246541
"ILMN_2369666",1.02231566149731,0.935460255516728,1.11723539891641,0.626110088153542
"ILMN_1786720",1.02111570383549,0.938608663820733,1.11087540613048,0.626890055509717
"ILMN_2096372",1.02635897369424,0.922807969455946,1.14152974156015,0.631591044681802
"ILMN_2124802",0.978324568729184,0.892808114330273,1.07203210456607,0.638665697080145
"ILMN_1807423",1.0234134010647,0.928868672648507,1.1275813474174,0.639803949326044
"ILMN_1693738",1.02351410232036,0.928553597487964,1.1281859447669,0.639891795320424
"ILMN_1792748",0.98507468477566,0.923508989875416,1.05074465459916,0.647885463396813
"ILMN_1764309",1.0161789471062,0.94852374247038,1.08865978394221,0.647977818701753
"ILMN_2219681",0.975745206573688,0.877024710180966,1.08557797414291,0.651861804465689
"ILMN_1732398",1.02044478017995,0.934238737798732,1.11460540787472,0.653120574101803
"ILMN_1793888",1.02191282961257,0.92940977646003,1.12362260197473,0.654318092945203
"ILMN_1753139",1.0228315310055,0.926263363572175,1.12946747325123,0.655479847922226
"ILMN_1697499",0.987624260960505,0.934381602296359,1.04390077719918,0.659621667508164
"ILMN_1653358",1.02306186017466,0.92419261373824,1.13250804451946,0.660160665020513
"ILMN_2209417",0.973982722020436,0.865807204185483,1.09567388468058,0.660754372432936
"ILMN_2338452",1.01848288326539,0.938238729867226,1.1055900278721,0.661816841396805
"ILMN_2113470",1.01749190777739,0.941390053670749,1.09974582624448,0.661961512447623
"ILMN_1655613",1.01967589224628,0.933490418814254,1.11381852911673,0.665407361439415
"ILMN_1725139",1.01891553797674,0.935218978630781,1.11010244365487,0.668287438287813
"ILMN_2159694",0.982592104142115,0.906450461387302,1.06512962842423,0.66956804687535
"ILMN_1701831",1.02091425909861,0.927425317900017,1.1238273360823,0.67272383163086
"ILMN_1651568",0.980345137458835,0.893892143732456,1.07515945327162,0.673433859549753
"ILMN_1782412",1.02295611121708,0.920160693349505,1.13723528188017,0.674445326777657
"ILMN_1663640",0.977562560445895,0.878630339035531,1.08763437492327,0.676780004860629
"ILMN_1692223",1.0164008763512,0.939538953640958,1.09955072905074,0.685119958364025
"ILMN_2171384",1.01492234325355,0.944413724484058,1.09069503770502,0.686800175899019
"ILMN_1731785",0.97763908640722,0.874676880861464,1.09272144283704,0.690411680470611
"ILMN_1660317",1.01833151125708,0.931249068836503,1.11355715836017,0.690419209375374
"ILMN_1731521",0.979931446512675,0.886827241273408,1.08281026469774,0.690621955653975
"ILMN_1723042",1.0173796759835,0.933994171759544,1.10820970451491,0.692903880173657
"ILMN_1651282",0.979960326831696,0.886110249105486,1.08375029307416,0.693490144022751
"ILMN_1748323",0.979298719360074,0.881265515956984,1.0882372728483,0.69748992154863
"ILMN_1653026",1.01764073109941,0.929637076073737,1.11397521059111,0.704731964748339
"ILMN_1670821",1.02088328483047,0.917099500441442,1.13641178601078,0.705532711365933
"ILMN_1781517",0.988204143775245,0.929122013689934,1.05104325953519,0.705986051849549
"ILMN_1794729",1.01411798785143,0.941629044696767,1.0921873099348,0.711006935112803
"ILMN_1794829",1.02098006889021,0.914154352656513,1.14028916237381,0.712707451427547
"ILMN_2410612",0.990419843339252,0.940826372824385,1.04262751812044,0.713405302814325
"ILMN_1810942",0.982241982202424,0.891662973650898,1.08202240096456,0.71661718592244
"ILMN_2093343",1.01658818676463,0.929904792547886,1.11135198974273,0.717496143406798
"ILMN_1696284",1.01043125562688,0.953499993117006,1.07076175114606,0.72579807540164
"ILMN_2177156",0.983820403299965,0.897410761880559,1.0785502325836,0.728004992557266
"ILMN_1797219",1.016320805635,0.926739467538619,1.11456133697417,0.730935732728053
"ILMN_1811468",1.01725009571523,0.920690478932891,1.12393663333198,0.736786676428587
"ILMN_2167808",0.984587438853573,0.899037253109473,1.07827837099671,0.737683789980263
"ILMN_2135944",0.985633844033075,0.900742209541025,1.07852620229536,0.752836293589809
"ILMN_2404154",1.01440308086679,0.927873388918816,1.10900217935022,0.753245689741068
"ILMN_1754247",1.01724757750336,0.914371217180607,1.13169860828204,0.753245998862754
"ILMN_1774742",0.983248500631159,0.88361929211536,1.0941110301915,0.756617764266983
"ILMN_2078592",0.984218121780712,0.888331359333379,1.09045493110642,0.760991574019554
"ILMN_1677920",0.98319134642257,0.88098160414702,1.09725926072675,0.762128849779495
"ILMN_1751228",0.983248580845177,0.881264805792311,1.09703435945665,0.76236847908878
"ILMN_1668052",1.0140636865069,0.924665013503406,1.11210562233323,0.766774086266063
"ILMN_1754528",0.989356402054202,0.91800592650557,1.06625247400263,0.779323285462938
"ILMN_1691071",0.984678409742114,0.883635776271612,1.09727514055998,0.779852307485712
"ILMN_1670959",0.990290249255364,0.921578227975655,1.06412537536223,0.790282723283857
"ILMN_1782939",1.01242776006509,0.923493268180626,1.10992684480505,0.792321737476407
"ILMN_2169383",1.00734778879853,0.951812948344222,1.0661228861853,0.800241331654965
"ILMN_1695946",1.01327129352126,0.913058467352148,1.12448298875285,0.804029793913782
"ILMN_1801584",1.01353422273054,0.909588624592976,1.12935847356895,0.807611390044737
"ILMN_1716359",1.01276622509447,0.912985273927938,1.12345232281706,0.810551484229292
"ILMN_1798000",0.987890495827468,0.893078068136319,1.09276855693345,0.812912731954645
"ILMN_1733904",1.0066075677939,0.95076083721359,1.06573467888046,0.821085905892133
"ILMN_1690884",0.989107480484386,0.896585521512573,1.09117712083916,0.826978258568766
"ILMN_1760087",1.00898544321892,0.930717262960222,1.09383554506089,0.82810083379891
"ILMN_1681526",1.0117044689988,0.910067220309977,1.12469267077162,0.829437570330895
"ILMN_1775587",0.988079253637873,0.88412419970651,1.10425731112627,0.832542277200883
"ILMN_1795190",0.991376569480058,0.913631129532703,1.07573775755292,0.835340127805661
"ILMN_1696380",1.00973452013573,0.920537577411779,1.10757434152811,0.837335700882742
"ILMN_1881909",0.993032364897772,0.923700820524519,1.06756782696642,0.849816852729309
"ILMN_1700147",1.00983274161476,0.910610257097208,1.11986676856454,0.852892220012367
"ILMN_2063254",0.990111411278988,0.890104207041684,1.10135487394563,0.854853621345713
"ILMN_2206722",1.01039024330356,0.903496380418818,1.12993086180355,0.856224237874845
"ILMN_2174437",1.00931869546243,0.912727143411181,1.11613228155203,0.856581528738886
"ILMN_1715401",0.992281759873562,0.911239516041172,1.08053159860254,0.858533122307175
"ILMN_1757689",0.99280606543032,0.916717849034405,1.0752096564864,0.859135330098545
"ILMN_1675009",0.991157775941189,0.897058521297107,1.09512781327598,0.861464643269914
"ILMN_2415329",1.00854175870386,0.916057466736137,1.110363176967,0.862395464611407
"ILMN_1768469",0.994512179468663,0.934113583309847,1.05881607203162,0.863321964476492
"ILMN_2389054",1.00572359849556,0.942410835097577,1.07328982106422,0.863405902971793
"ILMN_1836218",0.991038862186028,0.890912086294493,1.10241856797341,0.868432765453595
"ILMN_1703787",0.991261343236701,0.893436979008349,1.09979671054812,0.868495965439704
"ILMN_1728787",0.993246465974424,0.916661759036512,1.07622962608107,0.868530251937606
"ILMN_1662795",1.00611529081141,0.9319825097184,1.0861448233727,0.875934592053074
"ILMN_2165993",0.99546637370144,0.937037316252833,1.05753878098801,0.882944896585855
"ILMN_1695397",1.0069027171776,0.916788370976047,1.10587471869899,0.885654198875118
"ILMN_1764690",1.0078899710623,0.902368894004806,1.12575045584689,0.88922490432493
"ILMN_2116877",0.996286387955692,0.945006557454374,1.05034886688998,0.890241767458376
"ILMN_2199439",1.00558497966984,0.92769260039059,1.09001748091108,0.892299780139696
"ILMN_1760414",1.00634223744591,0.913792704015489,1.10826524923805,0.897797135313749
"ILMN_1787266",0.995056214096144,0.921835595513758,1.07409268423783,0.898868482170395
"ILMN_1731433",0.993530609254543,0.897428614345364,1.09992377749817,0.900486289666761
"ILMN_1804593",1.00631788534905,0.906436776669307,1.11720498598308,0.905996974329923
"ILMN_1709348",1.00562386652099,0.914073590782096,1.10634348384507,0.908321532595817
"ILMN_1729801",0.993914936017104,0.890949903476816,1.10877940070801,0.912893921372419
"ILMN_2232630",1.00457137869486,0.925567018838458,1.09031937650431,0.913092799842185
"ILMN_2163324",1.00427809482337,0.928844301862884,1.08583805673273,0.91466414620418
"ILMN_1687842",1.00343771017721,0.942079323544588,1.06879241804954,0.91510441802358
"ILMN_1672783",0.995892382777206,0.92027855178857,1.07771895383858,0.918622940687287
"ILMN_1814151",1.00523631628532,0.9092012597145,1.11141514684678,0.918800672260724
"ILMN_1717572",0.997417967317794,0.941840711466761,1.05627479192215,0.929572263041472
"ILMN_1718984",1.00473054670207,0.901161208295539,1.12020298053618,0.932240807121391
"ILMN_1766079",0.995689804451944,0.900130357892167,1.10139401254181,0.933127641023691
"ILMN_1812824",0.995935415301197,0.900572729795984,1.10139616561104,0.936784857299091
"ILMN_2311873",1.003261869566,0.922735146009568,1.09081612776743,0.93919117225199
"ILMN_2304495",1.0022641318437,0.934552331161971,1.07488190493456,0.949471879229728
"ILMN_1669410",1.00218812367873,0.933832567385208,1.07554723439881,0.95164373183488
"ILMN_1727539",1.00170025076544,0.946567949000854,1.06004370150362,0.953098526532948
"ILMN_1703337",1.00272355626397,0.913335786122838,1.10085966800324,0.954470661270383
"ILMN_2302757",0.998018826828014,0.932010251745701,1.06870238480481,0.954701928216949
"ILMN_1784459",1.0025685449785,0.916667565462838,1.09651931109049,0.955238133103238
"ILMN_1751607",0.997155177959508,0.899789095043914,1.10505723442106,0.95665978789427
"ILMN_2246083",1.00291611142299,0.89985777872109,1.11777744254359,0.958022540151353
"ILMN_1724375",0.99833760889755,0.93675318086842,1.06397074671826,0.959153533526996
"ILMN_1677711",0.998908244612362,0.935168677390007,1.06699219646598,0.974096426715034
"ILMN_1709634",1.00126163998722,0.915264324684316,1.09533917653317,0.97804613257567
"ILMN_1752562",1.00089247785084,0.924197265242276,1.08395230097958,0.982502023280897
"ILMN_1815895",0.999364399935661,0.91526199990222,1.09119487530943,0.988689815921185
"ILMN_1808713",0.999389057367124,0.91137171046305,1.09590683638588,0.989633846560337
"ILMN_1696339",0.999568967020418,0.912068052897054,1.09546444111999,0.992640414472172
"ILMN_2198912",0.999569530386915,0.901718051364294,1.10803953027914,0.993464274484999
"ILMN_2067408",0.99975338188629,0.911804419384319,1.09618554521591,0.995811170712157
